word,count
time,143
adhd,83
can,79
t,51
have,37
more,37
s,36
how,35
people,34
tasks,33
if,32
re,31
get,31
he,31
when,28
do,27
because,27
work,24
his,23
may,22
help,21
those,21
will,20
don,20
things,20
into,20
us,19
task,19
see,19
which,19
activities,19
what,19
some,19
make,19
long,18
quadrant,18
so,17
many,17
one,17
take,16
feel,16
about,16
day,15
management,15
much,15
then,15
executive,15
them,15
difficult,15
says,15
like,14
iceberg,14
future,14
find,14
these,14
minutes,14
way,14
all,14
other,14
brain,13
know,13
blue,13
just,13
often,12
use,12
try,12
there,12
she,12
red,12
was,12
my,12
until,12
plan,12
ways,12
grid,11
horizon,11
might,11
up,11
edwards,11
out,11
few,11
who,11
think,11
yellow,11
where,11
green,10
look,10
person,10
strategies,10
even,10
doing,10
fun,10
attention,10
off,10
mental,9
start,9
different,9
go,9
their,9
learn,9
too,9
goals,9
want,9
late,9
important,9
ready,9
makes,8
first,8
example,8
explains,8
better,8
always,8
being,8
every,8
term,8
challenges,8
internal,8
emotional,8
need,8
going,8
than,8
another,8
doesn,8
symptoms,8
done,8
life,8
schedule,8
common,8
getting,7
each,7
break,7
focus,7
sure,7
yourself,7
ll,7
also,7
moment,7
why,7
planning,7
minute,7
hour,7
health,7
others,7
could,7
energy,7
using,7
staying,7
having,7
learning,7
set,7
moving,6
put,6
project,6
javascript,6
function,6
hard,6
motivation,6
means,6
tend,6
new,6
complete,6
tool,6
include,6
setting,6
phone,6
avoid,6
specific,6
after,6
several,6
before,6
adults,6
feelings,6
well,6
has,6
goal,6
track,6
stay,6
two,6
give,6
while,6
functioning,6
clients,6
week,6
only,6
disorder,6
morning,6
20,6
clock,6
condition,6
stimulation,6
present,6
behaviors,6
next,6
down,6
blindness,6
clinical,6
positive,6
breaks,5
managing,5
accomplish,5
routine,5
lead,5
problems,5
effectively,5
analogy,5
friends,5
without,5
solve,5
aware,5
dysfunction,5
experience,5
place,5
lot,5
communication,5
3,5
now,5
little,5
quadrants,5
living,5
focused,5
lateness,5
hand,5
here,5
less,5
hyperactivity,5
ones,5
helpful,5
list,5
distractions,5
ourselves,5
phillips,5
big,5
left,5
free,5
called,5
cbt,5
leave,5
easier,5
change,5
instead,5
five,5
according,5
something,5
anxiety,5
self,5
small,5
manage,5
30,5
8,5
deficit,5
lives,5
sense,4
wasting,4
hours,4
later,4
negative,4
order,4
improve,4
cause,4
right,4
strategy,4
had,4
priority,4
patterns,4
away,4
turn,4
quickly,4
best,4
challenging,4
everyone,4
him,4
keys,4
activity,4
avoiding,4
play,4
seems,4
medication,4
research,4
everything,4
alarms,4
taking,4
trying,4
experiences,4
forget,4
timer,4
productive,4
back,4
putting,4
suggests,4
useful,4
clocks,4
perception,4
isn,4
great,4
good,4
cases,4
understand,4
external,4
reward,4
ahead,4
were,4
result,4
most,4
4,4
end,4
short,4
temporal,4
discounting,4
come,4
however,4
skills,4
engage,4
tools,4
suddenly,4
requires,4
immediate,4
never,4
ship,4
likely,4
environment,3
used,3
over,3
licensed,3
therapist,3
00,3
impact,3
teeth,3
through,3
deadlines,3
reality,3
chunks,3
working,3
math,3
visible,3
possible,3
ask,3
horizons,3
passed,3
reason,3
guilty,3
already,3
feeling,3
world,3
tell,3
read,3
thing,3
categories,3
really,3
live,3
able,3
gives,3
deadline,3
d,3
students,3
download,3
client,3
three,3
gets,3
vision,3
begins,3
struggle,3
aren,3
procrastination,3
form,3
home,3
page,3
refresh,3
enable,3
please,3
browser,3
disabled,3
appears,3
lists,3
would,3
days,3
body,3
especially,3
create,3
become,3
motivated,3
same,3
event,3
call,3
simply,3
friend,3
add,3
identify,3
nearly,3
invisible,3
loved,3
effective,3
does,3
cognitive,3
keep,3
her,3
2,3
once,3
distract,3
timeliness,3
mean,3
amount,3
difficulty,3
understanding,3
usually,3
spent,3
consider,3
easily,3
spending,3
martyn,3
quadrantis,3
stimulating,3
emotionally,3
difficulties,3
extra,3
creating,3
spend,3
such,3
surface,3
own,3
watching,3
believes,3
space,3
distracted,3
himself,3
impulsivity,3
instance,3
develop,3
followed,3
family,3
fidgeting,3
manageable,3
1,3
job,3
chronic,3
calendar,3
tv,3
comes,3
digital,3
scheduling,3
items,3
effect,3
actions,3
type,2
enough,2
avoided,2
specialist,2
alarm,2
therapy,2
behavioral,2
jolt,2
popular,2
grownup,2
managementis,2
simple,2
natural,2
overcome,2
made,2
overwhelmed,2
manner,2
respond,2
couldn,2
imagine,2
balance,2
knows,2
sales,2
remember,2
whether,2
nighttime,2
didn,2
chart,2
depression,2
high,2
between,2
helped,2
kevin,2
figure,2
let,2
assessment,2
rule,2
prioritizing,2
daughter,2
pick,2
meal,2
said,2
lost,2
check,2
neurotypical,2
build,2
increase,2
lou,2
rest,2
quiet,2
meaning,2
passing,2
sound,2
contribute,2
barkley,2
urge,2
cope,2
pointless,2
lose,2
drained,2
feels,2
sometimes,2
laid,2
functions,2
bed,2
necessarily,2
frustration,2
alone,2
year,2
organized,2
exhausted,2
social,2
guilt,2
learned,2
paying,2
deficits,2
abilities,2
though,2
dishwasher,2
almost,2
brains,2
emotions,2
homework,2
drive,2
levels,2
affects,2
estimating,2
interesting,2
predictable,2
tied,2
linked,2
part,2
lack,2
addicted,2
writing,2
psychologist,2
based,2
anxious,2
associate,2
easy,2
second,2
mentality,2
sit,2
punctuality,2
suck,2
afterward,2
inattentiveness,2
around,2
fast,2
mark,2
quick,2
traits,2
schiff,2
disorganization,2
move,2
view,2
preparing,2
experts,2
projects,2
require,2
dopamine,2
room,2
analyze,2
decide,2
affect,2
study,2
7,2
case,2
worst,2
effort,2
picture,2
styles,2
altogether,2
takes,2
years,2
ice,2
approaching,2
themselves,2
months,2
weeks,2
challenge,2
distractibility,2
satisfying,2
similarly,2
longer,2
poor,2
helps,2
someone,2
becoming,2
stop,2
upon,2
eliminate,2
critical,2
5,2
earlier,2
100,2
maintain,2
psychology,2
looking,2
unseen,2
children,2
eye,2
its,2
wright,2
procrastinate,2
compassion,2
desk,2
physically,2
purpose,2
analog,2
fashioned,2
old,2
catastrophize,2
bigger,2
further,2
shows,2
waiting,2
folks,2
below,2
last,2
face,2
externalize,2
punishment,2
pay,2
involves,2
calls,2
phenomenon,2
m,2
tends,2
toward,2
remind,2
constantly,2
boring,2
outside,2
extreme,2
hate,2
age,2
chance,2
impossible,2
payment,2
due,2
lies,2
won,2
becomes,2
unique,2
key,2
examples,2
hidden,2
blind,2
no,2
single,2
making,2
should,2
bowl,2
adds,2
tags,2
brushing,2
10,2
today,2
misunderstood,2
college,2
worry,2
tired,2
paper,2
validating,2
coffee,2
chunk,1
personality,1
lowamong,1
above,1
features,1
memory,1
knowledge,1
particular,1
organizing,1
highlights,1
illustrates,1
conspire,1
minimized,1
boredom,1
water,1
thoughtfulness,1
highlighting,1
levelsmay,1
intention,1
precisely,1
diversion,1
distracting,1
versus,1
avoidance,1
diagnostic,1
andwomen,1
unnoticed,1
undesirable,1
criteria,1
neurologic,1
dismissed,1
population,1
regulating,1
execute,1
fully,1
2018,1
someexpertsassert,1
reports,1
directed,1
to2015,1
inability,1
added,1
ve,1
genders,1
occurs,1
alack,1
global,1
around2,1
disorders,1
fact,1
inexecutive,1
ages,1
impairment,1
shoes,1
tip,1
enter,1
possibly,1
interfere,1
studied,1
races,1
following,1
meets,1
daydreaming,1
inattention,1
regulation,1
conversely,1
among,1
adhdmay,1
engrossed,1
issue,1
events,1
sensory,1
depend,1
harder,1
uninteresting,1
includingthose,1
bipolar,1
diagnosed,1
fatigue,1
mundane,1
adhdandautistic,1
communicate,1
turns,1
speaking,1
bright,1
emergency,1
contact,1
worked,1
deny,1
herself,1
hasn,1
battles,1
earned,1
concentrate,1
looks,1
me,1
toughest,1
peopleand,1
forneurodivergent,1
alternated,1
nonproductive,1
depressed,1
neurodivergent,1
stuff,1
nodded,1
style,1
went,1
granddaughter,1
tomorrow,1
relax,1
adhders,1
evaluate,1
amental,1
act,1
prefer,1
note,1
getter,1
exhilarated,1
hitting,1
coaching,1
sessions,1
realized,1
although,1
energized,1
sustain,1
pattern,1
productivity,1
structure,1
bit,1
certified,1
tiresome,1
return,1
services,1
decided,1
created,1
included,1
dividing,1
zones,1
studysuggests,1
tolerable,1
treat,1
side,1
paid,1
business,1
lmhc,1
conversations,1
uninterested,1
communicating,1
causes,1
greater,1
tojulia,1
shame,1
capture,1
sensitivity,1
comfortable,1
fired,1
provider,1
felt,1
commissions,1
support,1
designed,1
flexible,1
money,1
society,1
floundered,1
four,1
phases,1
analyzing,1
currently,1
uses,1
hyperactive,1
detecting,1
reminder,1
address,1
noticed,1
meant,1
performing,1
iowa,1
tedious,1
engaging,1
defaulted,1
a2016,1
coachwho,1
internet,1
reachable,1
philips,1
scope,1
describes,1
prepping,1
clothes,1
whenever,1
workday,1
timely,1
doctors,1
teachers,1
increasingly,1
downtime,1
throughout,1
fortreating,1
building,1
achieve,1
forparallel,1
advisor,1
nyu,1
applied,1
motivate,1
behavior,1
department,1
focuses,1
control,1
preparation,1
stretches,1
ptsd,1
colleagues,1
sitting,1
minimize,1
paragraphs,1
ptsdorc,1
span,1
saysdr,1
houyuan,1
trauma,1
pings,1
luo,1
history,1
workspace,1
ontario,1
canada,1
meetings,1
injury,1
intervals,1
professionals,1
interval,1
during,1
office,1
remove,1
walking,1
cellphone,1
article,1
utilize,1
direct,1
training,1
counseling,1
illinois,1
types,1
resist,1
true,1
presentation,1
c,1
holds,1
top,1
franklin,1
routinescan,1
benjamin,1
otherwise,1
both,1
saying,1
ofadhd,1
heard,1
consist,1
etc,1
interrupting,1
pot,1
symptomsinclude,1
adolescents,1
again,1
steps,1
cup,1
thoseliving,1
perspective,1
supporting,1
reprioritize,1
members,1
yourbrainto,1
ultimately,1
underneath,1
reframe,1
prevent,1
professor,1
larger,1
jordan,1
completing,1
everyday,1
drawer,1
chicago,1
spouses,1
door,1
front,1
level,1
e,1
g,1
mindful,1
nature,1
psychologiststeve,1
organize,1
cisnerosfrom,1
thesis,1
silence,1
cell,1
despair,1
process,1
thenational,1
institute,1
healthdescribes,1
trouble,1
regulate,1
keeping,1
talking,1
unaware,1
forethought,1
pleasure,1
prioritize,1
routines,1
responsible,1
tactics,1
employ,1
frustrating,1
blindnessis,1
period,1
restless,1
cisneros,1
found,1
createdistortions,1
areas,1
neurotransmitter,1
together,1
manifestation,1
essay,1
diagnosis,1
needs,1
tailored,1
components,1
additional,1
unwanted,1
negatively,1
dinner,1
date,1
house,1
main,1
conditions,1
besides,1
course,1
chronically,1
impulses,1
grew,1
families,1
cultures,1
visibleadhd,1
looked,1
personalities,1
anadhd,1
atherapistor,1
approximately4,1
u,1
been,1
arriving,1
associated,1
prefrontal,1
texas,1
dr,1
holly,1
any,1
role,1
number,1
reported,1
studyrevealed,1
greenwich,1
connecticut,1
chunking,1
dopaminelevels,1
impactful,1
severe,1
skilled,1
strengths,1
onto,1
notes,1
a2019,1
tidy,1
accomplishment,1
messy,1
momentum,1
andchecking,1
alerts,1
fresno,1
residing,1
crucial,1
a2021,1
thought,1
wondering,1
cortex,1
anterior,1
soon,1
cingulate,1
supplementary,1
surprised,1
motor,1
area,1
researchers,1
allow,1
completion,1
recommend,1
withadhdconsider,1
efficiently,1
encouraging,1
plate,1
adding,1
overwhelming,1
preserve,1
explainsrebecca,1
unexpected,1
buffer,1
fall,1
force,1
ok,1
fulfilling,1
blocking,1
tempting,1
websites,1
computer,1
online,1
likeselfcontrolorfreedom,1
disturb,1
facing,1
wall,1
tempted,1
window,1
endeavor,1
complicated,1
risk,1
prophecy,1
faze,1
unlikely,1
minds,1
benefit,1
forcing,1
started,1
scary,1
still,1
okay,1
clear,1
wasn,1
imagined,1
plus,1
fewer,1
uncomfortable,1
techniques,1
commonly,1
temptation,1
recover,1
harness,1
visualize,1
managed,1
compare,1
alternative,1
student,1
friday,1
pull,1
nighter,1
library,1
parties,1
practice,1
visualization,1
acknowledge,1
justify,1
plenty,1
under,1
pressure,1
confronting,1
examining,1
admitting,1
untrue,1
developing,1
hallmarksymptom,1
adhdis,1
override,1
strongest,1
since,1
distraction,1
actually,1
soapathyis,1
blame,1
depth,1
intime,1
essentially,1
far,1
child,1
tops,1
withadhdoften,1
shorter,1
extend,1
yours,1
foremost,1
step,1
listening,1
npr,1
forgotten,1
established,1
radio,1
knew,1
got,1
expert,1
resource,1
alarmsare,1
consciousness,1
whatever,1
maybe,1
half,1
15,1
crunch,1
multiplies,1
probability,1
concept,1
overcoming,1
failure,1
ticking,1
causing,1
theanxietythey,1
apathy,1
solutions,1
solution,1
root,1
percent,1
collection,1
workssomeof,1
mixing,1
match,1
adapt,1
arise,1
concrete,1
care,1
daily,1
apps,1
overbooked,1
rushed,1
basic,1
success,1
fifth,1
grader,1
vice,1
president,1
anyone,1
realize,1
tips,1
knowing,1
maximize,1
regularly,1
ensure,1
synced,1
withadhdcan,1
inherent,1
russell,1
ph,1
ultimate,1
yet,1
disability,1
afflicting,1
inherently,1
unable,1
anticipate,1
typically,1
manifests,1
very,1
standing,1
edge,1
sea,1
miles,1
distance,1
least,1
approaches,1
shore,1
eventually,1
crosses,1
enters,1
field,1
details,1
strong,1
sees,1
motivational,1
mind,1
measures,1
ambitions,1
unfortunately,1
none,1
retirement,1
fell,1
ticks,1
softly,1
sticks,1
advance,1
hopeless,1
drag,1
forever,1
warp,1
arrive,1
drama,1
stress,1
extensions,1
exists,1
spectrum,1
tim,1
ferriss,1
workweek,1
boils,1
bring,1
worthwhile,1
sustained,1
exchange,1
secret,1
smart,1
choices,1
words,1
close,1
regular,1
appear,1
option,1
payoff,1
fit,1
healthy,1
run,1
eating,1
cream,1
precedence,1
counteract,1
unreliable,1
lean,1
heavily,1
hands,1
represent,1
passage,1
numbers,1
abstract,1
thetime,1
remaining,1
ever,1
shrinking,1
slice,1
individuals,1
systems,1
utilizing,1
reminders,1
directly,1
designating,1
times,1
choose,1
effects,1
must,1
exercise,1
action,1
assigned,1
steadily,1
correlated,1
young,1
capable,1
abnormally,1
myopia,1
clearly,1
peers,1
disrupts,1
ability,1
economics,1
reflects,1
truth,1
offered,1
shovel,1
snowy,1
driveway,1
jump,1
delayed,1
attractive,1
agree,1
shoveling,1
cick,1
12,1
strongly,1
slimming,1
eat,1
transition,1
enlist,1
session,1
say,1
addictive,1
connect,1
frantic,1
achievement,1
rely,1
frenzied,1
pushing,1
former,1
weren,1
report,1
filling,1
gas,1
tank,1
empty,1
fires,1
spouse,1
alive,1
overloaded,1
procrastinated,1
pushed,1
deliver,1
contrary,1
thrive,1
mostly,1
burn,1
response,1
inthe,1
yuck,1
distasteful,1
housework,1
dealing,1
delaying,1
state,1
heightened,1
mild,1
matter,1
electric,1
bill,1
overdue,1
forward,1
golfing,1
emptying,1
excite,1
therefore,1
actively,1
seeks,1
enjoyment,1
responding,1
unlearned,1
cue,1
cues,1
previous,1
load,1
finish,1
accepting,1
incorporating,1
engages,1
determine,1
piece,1
developed,1
wanted,1
quadrantincludes,1
tackle,1
logging,1
balancing,1
checkbooks,1
refocuses,1
transformative,1
walk,1
beautiful,1
visiting,1
art,1
museum,1
sunset,1
refreshed,1
hopeful,1
closer,1
authentic,1
selves,1
love,1
deserve,1
invest,1
recent,1
workshop,1
participant,1
sighed,1
punish,1
myself,1
allowing,1
settle,1
drain,1
13,1
beat,1
analysis,1
paralysis,1
began,1
reminding,1
enjoy,1
hold,1
creative,1
interest,1
nuisance,1
chore,1
irritation,1
neglect,1
wish,1
seductive,1
trap,1
facebook,1
clicking,1
favorites,1
games,1
binge,1
show,1
danger,1
bad,1
prevents,1
busy,1
allows,1
goldilocks,1
applies,1
sluggish,1
resistant,1
accomplishing,1
favorite,1
relationships,1
reflect,1
personal,1
growth,1
detect,1
wired,1
happiness,1
tons,1
shock,1
value,1
hits,1
sooner,1
gear,1
switching,1
seeing,1
shrink,1
real,1
underestimate,1
somewhere,1
deliberately,1
scenarios,1
airport,1
scenario,1
terrible,1
traffic,1
45,1
round,1
6,1
slowly,1
breathing,1
catching,1
flight,1
visual,1
timeris,1
proportion,1
arestayontask,1
and30,1
luck,1
conscious,1
waking,1
changing,1
coworker,1
supposed,1
goes,1
directory,1
clinic,1
near,1
signify,1
generic,1
beep,1
loud,1
paced,1
song,1
tempo,1
varying,1
ignore,1
freeze,1
transitions,1
likegetting,1
daunting,1
advice,1
final,1
tiniest,1
easiest,1
brush,1
tiny,1
test,1
crisis,1
mode,1
train,1
suits,1
leftover,1
captivated,1
panel,1
wins,1
treating,1
friendly,1
peculiar,1
relationship,1
withtime,1
investing,1
frivolously,1
ineffectively,1
loathing,1
resulting,1
wasted,1
laundry,1
bills,1
frustrate,1
wonder,1
ordinary,1
conceptualize,1
differently,1
ourto,1
dos,1
frame,1
healthier,1
divide,1
searches,1
shiny,1
curious,1
remarkable,1
exciting,1
2025,1
additudeadhd,1
night,1
member,1
sleep,1
successful,1
shut,1
television,1
certain,1
thank,1
financial,1
misseddeadlines,1
naturally,1
explicit,1
intentional,1
budgeting,1
breaking,1
pieces,1
enlisting,1
coach,1
accountability,1
happen,1
straitjacket,1
blocks,1
wherever,1
follow,1
flexibility,1
19,1
meet,1
ari,1
tuckman,1
psy,1
mba,1
professionalto,1
